graph,seed,checkpoint,best_epoch,best_val_loss,threshold_raw_score,validation_best_f1,validation_precision,validation_recall,Accuracy,Precision,Recall,F1,ROC_AUC,PR_AUC,TP,TN,FP,FN,evaluation_seconds
G0,42,checkpoints/rgcn/G0_best.pt,500,0.26335713267326355,0.784747302532196,0.9190309783582118,0.9362678489622561,0.9024173027989821,0.9204911162003981,0.9361023356179802,0.9025925426976215,0.9190420850082874,0.9731104883732968,0.9765659785063194,120599,125382,8232,13015,0.6563427448272705
G0,43,checkpoints/rgcn_multiseed/G0_seed43_best.pt,500,0.26226329803466797,0.7920876145362854,0.9191543950610686,0.9382146392411477,0.9008531656937584,0.9216100109269987,0.9394629678748069,0.9012977681979434,0.9199847211611918,0.9727473936795888,0.9763193658045032,120426,125854,7760,13188,0.3364565372467041
G0,44,checkpoints/rgcn_multiseed/G0_seed44_best.pt,495,0.2717547118663788,0.7637495398521423,0.913447820746584,0.9315200647299547,0.8960634635533603,0.9152745969733711,0.9310267146219636,0.8970018111874504,0.9136976119232308,0.9708272679233976,0.9745123877998695,119852,124735,8879,13762,0.33992576599121094
A1_target,42,checkpoints/relation_ablation/A1_target_seed42_best.pt,500,0.25854337215423584,0.7517119646072388,0.8588429543636487,0.9069972616877658,0.8155440802275109,0.866061939617106,0.9064468413967325,0.816381516906911,0.8590599798387096,0.935357174090432,0.9466866871202575,109080,122356,11258,24534,0.348203182220459
A1_target,43,checkpoints/relation_ablation/A1_target_seed43_best.pt,497,0.26378944516181946,0.692042887210846,0.8539606082571454,0.8908946024621489,0.8199670707977847,0.8605460505635637,0.8908640973630831,0.8217626895385214,0.8549193347452348,0.9315042223429394,0.9419826031320041,109799,120163,13451,23815,0.3419008255004883
A1_target,44,checkpoints/relation_ablation/A1_target_seed44_best.pt,496,0.26744261384010315,0.6802045106887817,0.8411438555345246,0.8869239769964233,0.7998578057177069,0.850176628197644,0.8867745162063635,0.8028649692397504,0.8427362177661685,0.9222190089997517,0.9364745946942361,107274,119917,13697,26340,0.34335994720458984
A2_enzyme,42,checkpoints/relation_ablation/A2_enzyme_seed42_best.pt,500,0.2652832567691803,0.7958269119262695,0.8584144907820602,0.9042751468261528,0.8169809908696303,0.866896433008517,0.9049873189752741,0.8198691753858128,0.860328043948622,0.930366193620868,0.9426426117833093,109546,122113,11501,24068,0.3508000373840332
A2_enzyme,43,checkpoints/relation_ablation/A2_enzyme_seed43_best.pt,496,0.26619353890419006,0.7657390236854553,0.8671176170504418,0.9038978330938289,0.8332135907798234,0.8737819390183663,0.9044680385820841,0.8358480398760609,0.8688052090504919,0.9352814136214529,0.9469437911892876,111681,121818,11796,21933,0.34589600563049316
A2_enzyme,44,checkpoints/relation_ablation/A2_enzyme_seed44_best.pt,499,0.2691269516944885,0.7792847156524658,0.8656701296069707,0.9030340970065528,0.831275258194881,0.8719932043049381,0.9030547288694989,0.8334605655096022,0.8668630877550783,0.9389397054404125,0.9486338247254403,111362,121659,11955,22252,0.34096527099609375
A3_transporter,42,checkpoints/relation_ablation/A3_transporter_seed42_best.pt,500,0.26154768466949463,0.7653093338012695,0.8868354153994916,0.9256853552126066,0.8511151025295615,0.8913886269402906,0.9256747956891219,0.8511159010283353,0.8868310029399609,0.9451989867684893,0.9571477274484832,113721,124483,9131,19893,0.33590173721313477
A3_transporter,43,checkpoints/relation_ablation/A3_transporter_seed43_best.pt,500,0.26159873604774475,0.7822661995887756,0.8839613594367647,0.9225211150710345,0.8484957341715312,0.8896410555780083,0.9237637865776729,0.8493795560345473,0.8850114438782075,0.9420514348371266,0.9548375128176372,113489,124248,9366,20125,0.34007906913757324
A3_transporter,44,checkpoints/relation_ablation/A3_transporter_seed44_best.pt,499,0.27005535364151,0.7856748104095459,0.8884550640606005,0.926763242610477,0.8531881454872026,0.8929603185294954,0.926488506213955,0.8536530603080515,0.8885807326155716,0.9476007236266604,0.958679744071658,114060,124564,9050,19554,0.33606600761413574
A4_carrier,42,checkpoints/relation_ablation/A4_carrier_seed42_best.pt,500,0.26073575019836426,0.8333045244216919,0.9130436456452526,0.9401495270789894,0.8874569675198324,0.9155028664660889,0.9401709401709402,0.8874818507042675,0.9130669130669131,0.9694670283716659,0.9738697526951836,118580,126068,7546,15034,0.33391785621643066
A4_carrier,43,checkpoints/relation_ablation/A4_carrier_seed43_best.pt,500,0.2631322741508484,0.760248064994812,0.9135212248004498,0.934161432381906,0.8937733872174825,0.916056700645142,0.9354545596966991,0.8937835855524122,0.9141444296452793,0.9687579049733165,0.9733670169439737,119422,125374,8240,14192,0.34305882453918457
A4_carrier,44,checkpoints/relation_ablation/A4_carrier_seed44_best.pt,500,0.2682012617588043,0.8043451309204102,0.9078709398776035,0.9364682858529367,0.8809684179015117,0.910611911925397,0.9358985563668433,0.881606717858907,0.907941744354991,0.9667233344056394,0.9716704016516114,117795,125546,8068,15819,0.3330647945404053
A5_indication,42,checkpoints/relation_ablation/A5_indication_seed42_best.pt,500,0.25921982526779175,0.8038177490234375,0.9007649618685758,0.9376037306605568,0.8667115701242329,0.9050436331522146,0.9371420724861271,0.8683296660529585,0.9014245368410012,0.9618288069882152,0.9682399564245167,116021,125832,7782,17593,0.37569522857666016
A5_indication,43,checkpoints/relation_ablation/A5_indication_seed43_best.pt,500,0.2639518678188324,0.8111702799797058,0.8970952225283707,0.9344960108970617,0.8625729681185451,0.9015597167961441,0.9347551291608596,0.863382579669795,0.8976523775804782,0.9596947919723059,0.9664747146255143,115360,125562,8052,18254,0.3347649574279785
A5_indication,44,checkpoints/relation_ablation/A5_indication_seed44_best.pt,496,0.267633855342865,0.7495942115783691,0.8860390987744172,0.9230451106479942,0.8518859452177817,0.8916730282754801,0.9230091499886838,0.8546334964898887,0.887506314848638,0.9508634281335612,0.9607097902433313,114191,124089,9525,19423,0.33812475204467773
A6_contraindication,42,checkpoints/relation_ablation/A6_contraindication_seed42_best.pt,500,0.26567697525024414,0.7536606788635254,0.9084093235053989,0.9310751243429272,0.8868208352043108,0.9113940155971679,0.9314531953972465,0.8881479485682638,0.9092852545437827,0.967639971109725,0.9720352556042201,118669,124881,8733,14945,0.3367607593536377
A6_contraindication,43,checkpoints/relation_ablation/A6_contraindication_seed43_best.pt,500,0.2648892104625702,0.7674449682235718,0.907161783282497,0.9344552350122187,0.8814174524771741,0.910679270136363,0.9354372822714395,0.8822503629859146,0.9080656778273781,0.9666381382775947,0.971293796675258,117881,125478,8136,15733,0.3349909782409668
A6_contraindication,44,checkpoints/relation_ablation/A6_contraindication_seed44_best.pt,500,0.2697589099407196,0.7910727262496948,0.9066937509858461,0.9329343118859306,0.8818889387816196,0.9102489260107474,0.9332722070284711,0.8836798539075247,0.9077992372985607,0.9672578652871088,0.9716812333043437,118072,125172,8442,15542,0.3348808288574219
A7_off_label,42,checkpoints/relation_ablation/A7_off_label_seed42_best.pt,500,0.26399484276771545,0.7691572904586792,0.9168408844668936,0.9350915146610222,0.8992890285885347,0.9189792985764965,0.9351897199095128,0.9003547532444205,0.9174416875436128,0.972204627517641,0.975883275943942,120300,125277,8337,13314,0.3392932415008545
A7_off_label,43,checkpoints/relation_ablation/A7_off_label_seed43_best.pt,500,0.2630694806575775,0.7847821712493896,0.9217104688562066,0.9355549902484525,0.9082697201017812,0.9235222356938644,0.9362861878878994,0.9088942775457661,0.9223869147308018,0.9742752433313648,0.977408835824919,121441,125350,8264,12173,0.2927525043487549
A7_off_label,44,checkpoints/relation_ablation/A7_off_label_seed44_best.pt,311,0.30274680256843567,0.8066565990447998,0.892140778802699,0.9235588169320985,0.8627900014967819,0.8963020342179712,0.925050370453615,0.8624844701902495,0.8926724789012785,0.9587961801037941,0.9642028169057926,115240,124277,9337,18374,0.28122639656066895
